TAG,COUNTY_ID,COUNTY,TOWN_ID,TOWN,FLD01,FLD02,FLD03,FLD04,FLD05,FLD06,FLD07,FLD08,INFO_TIME
標籤,縣市代碼,縣市名稱,鄉鎮市區代碼,鄉鎮市區名稱,納稅單位,綜合所得總額,平均數,中位數,第一分位數,第三分位數,標準差,變異係數,資料時間
,65000,新北市,65000050,新莊區,127557,93444101,733,452,220,896,1038.78,141.8,"110Y"
,65000,新北市,65000170,林口區,39107,42080479,1076,610,277,1326,1656.36,153.93,"110Y"
,65000,新北市,65000150,五股區,26061,16766652,643,411,204,776,3005.6,467.17,"110Y"
,65000,新北市,65000140,蘆洲區,57299,39095636,682,428,212,838,902.22,132.23,"110Y"
,65000,新北市,65000020,三重區,110632,76899861,695,429,210,841,968.64,139.35,"110Y"
,65000,新北市,65000160,泰山區,22881,16211879,709,458,220,906,823.9,116.28,"110Y"
,65000,新北市,65000060,新店區,97738,88199197,902,499,231,1052,1643.63,182.14,"110Y"
,65000,新北市,65000190,石碇區,1693,932913,551,357,187,656,685.41,124.38,"110Y"
,65000,新北市,65000180,深坑區,6947,4865284,700,432,214,837,1229.86,175.61,"110Y"
,65000,新北市,65000200,坪林區,1431,825039,577,386,193,686,775.08,134.43,"110Y"
,65000,新北市,65000290,烏來區,1359,807630,594,408,201,744,696.54,117.21,"110Y"
,65000,新北市,65000010,板橋區,164481,134992783,821,490,233,994,1268.39,154.55,"110Y"
,65000,新北市,65000090,三峽區,30746,21908321,713,440,212,878,964.78,135.4,"110Y"
,65000,新北市,65000080,鶯歌區,24680,14980521,607,404,209,742,774.57,127.61,"110Y"
,65000,新北市,65000070,樹林區,52548,35871170,683,423,210,824,912.71,133.7,"110Y"
,65000,新北市,65000030,中和區,125415,98534732,786,482,227,968,1226.41,156.1,"110Y"
,65000,新北市,65000130,土城區,69116,46426403,672,432,215,835,871.64,129.76,"110Y"
,65000,新北市,65000120,瑞芳區,9402,4738271,504,353,175,628,573.01,113.7,"110Y"
,65000,新北市,65000240,平溪區,846,436684,516,346,179,609,683.06,132.33,"110Y"
,65000,新北市,65000250,雙溪區,1832,980455,535,358,175,673,932.46,174.23,"110Y"
,65000,新北市,65000260,貢寮區,2216,1165553,526,347,181,646,655.13,124.56,"110Y"
,65000,新北市,65000270,金山區,4826,2537529,526,348,175,643,715.78,136.13,"110Y"
,65000,新北市,65000280,萬里區,4538,2329938,513,358,187,631,589.71,114.86,"110Y"
,65000,新北市,65000100,淡水區,59457,46079336,775,475,214,967,1225.44,158.12,"110Y"
,65000,新北市,65000110,汐止區,69481,55130425,793,471,226,958,1792.44,225.9,"110Y"
,65000,新北市,65000210,三芝區,5617,2778109,495,326,160,601,772.83,156.26,"110Y"
,65000,新北市,65000220,石門區,2612,1321098,506,341,164,627,720.07,142.37,"110Y"
,65000,新北市,65000230,八里區,11033,6820981,618,398,200,748,822.09,132.97,"110Y"
,65000,新北市,65000040,永和區,68555,62501347,912,533,241,1102,1919.53,210.55,"110Y"
X,65000,新北市,65000999,其他,55,59893,1089,420,229,951,1932.19,177.43,"110Y"
,63000,臺北市,63000010,松山區,68378,86448315,1264,642,270,1451,4262.39,337.14,"110Y"
,63000,臺北市,63000030,大安區,104151,150957402,1449,705,281,1635,4363.47,301.05,"110Y"
,63000,臺北市,63000050,中正區,51076,65638648,1285,667,275,1500,2844.22,221.32,"110Y"
,63000,臺北市,63000070,萬華區,52482,40419003,770,453,210,924,1212.17,157.39,"110Y"
,63000,臺北市,63000060,大同區,39819,35588471,894,500,224,1057,1410.58,157.83,"110Y"
,63000,臺北市,63000040,中山區,78028,91229978,1169,581,247,1284,3198.16,273.53,"110Y"
,63000,臺北市,63000080,文山區,87217,92591866,1062,590,256,1284,1892.13,178.23,"110Y"
,63000,臺北市,63000090,南港區,38954,39188089,1006,536,244,1153,1853.51,184.24,"110Y"
,63000,臺北市,63000100,內湖區,96543,111784249,1158,614,274,1346,2126.51,183.66,"110Y"
,63000,臺北市,63000110,士林區,88969,93315096,1049,539,238,1170,2553.82,243.49,"110Y"
,63000,臺北市,63000120,北投區,79705,78973507,991,542,238,1167,1693.75,170.94,"110Y"
,63000,臺北市,63000020,信義區,71491,76995737,1077,557,246,1201,2606.13,241.98,"110Y"
X,63000,臺北市,63000999,其他,148,134627,910,511,194,1106,1192.25,131.07,"110Y"
,68000,桃園市,68000010,桃園區,139693,120899529,865,520,247,1052,1336.13,154.38,"110Y"
,68000,桃園市,68000030,大溪區,23758,14981555,631,422,214,781,776.1,123.08,"110Y"
,68000,桃園市,68000020,中壢區,124507,97522904,783,503,250,968,1009.59,128.89,"110Y"
,68000,桃園市,68000040,楊梅區,52294,35996171,688,459,239,838,946.46,137.5,"110Y"
,68000,桃園市,68000050,蘆竹區,51017,43692690,856,529,261,1035,1139.54,133.06,"110Y"
,68000,桃園市,68000060,大園區,25155,17199337,684,446,233,816,962.17,140.72,"110Y"
,68000,桃園市,68000070,龜山區,50514,38069403,754,487,242,941,942.09,125.01,"110Y"
,68000,桃園市,68000080,八德區,58705,39312874,670,448,228,829,820.85,122.58,"110Y"
,68000,桃園市,68000090,龍潭區,34294,24973544,728,463,236,877,1673.64,229.83,"110Y"
,68000,桃園市,68000100,平鎮區,64559,45675059,707,468,239,878,862.77,121.95,"110Y"
,68000,桃園市,68000110,新屋區,13145,7530192,573,403,218,704,647.85,113.09,"110Y"
,68000,桃園市,68000120,觀音區,19544,11215261,574,420,230,715,692.27,120.64,"110Y"
,68000,桃園市,68000130,復興區,1732,876808,506,397,203,652,467.53,92.35,"110Y"
X,68000,桃園市,68000999,其他,18,9855,547,400,227,724,444.42,81.17,"110Y"
,66000,臺中市,66000010,中區,4004,2926408,731,406,179,863,1386.68,189.73,"110Y"
,66000,臺中市,66000020,東區,20683,13552990,655,416,189,828,812.59,124.01,"110Y"
,66000,臺中市,66000040,西區,34476,31708406,920,501,213,1062,2686.2,292.07,"110Y"
,66000,臺中市,66000030,南區,38233,29016748,759,486,219,979,933.79,123.04,"110Y"
,66000,臺中市,66000050,北區,41030,32098950,782,449,197,919,1481.75,189.4,"110Y"
,66000,臺中市,66000060,西屯區,70116,69648462,993,544,242,1163,1648.45,165.95,"110Y"
,66000,臺中市,66000070,南屯區,54334,53392752,983,566,249,1186,1613.55,164.2,"110Y"
,66000,臺中市,66000080,北屯區,84575,68019322,804,491,221,984,1165.69,144.94,"110Y"
,66000,臺中市,66000090,豐原區,45961,29655008,645,400,187,784,925.16,143.39,"110Y"
,66000,臺中市,66000100,東勢區,10622,5855225,551,371,178,680,637.84,115.71,"110Y"
,66000,臺中市,66000110,大甲區,19543,12284879,629,402,205,750,924.8,147.12,"110Y"
,66000,臺中市,66000120,清水區,23470,14432864,615,412,204,773,729.67,118.66,"110Y"
,66000,臺中市,66000130,沙鹿區,25762,18951897,736,476,231,914,934.12,126.98,"110Y"
,66000,臺中市,66000140,梧棲區,16346,10407274,637,439,213,811,735.42,115.51,"110Y"
,66000,臺中市,66000160,神岡區,17500,10105918,577,375,186,696,808.37,139.98,"110Y"
,66000,臺中市,66000150,后里區,13106,7749879,591,404,194,747,665.27,112.51,"110Y"
,66000,臺中市,66000180,大雅區,25933,16973140,654,417,205,794,856.05,130.79,"110Y"
,66000,臺中市,66000170,潭子區,30315,18987203,626,409,198,769,823.09,131.41,"110Y"
,66000,臺中市,66000190,新社區,4171,2262436,542,375,185,671,647.88,119.44,"110Y"
,66000,臺中市,66000200,石岡區,3436,1922066,559,377,189,661,706.97,126.38,"110Y"
,66000,臺中市,66000210,外埔區,7718,4472889,580,406,208,726,653.05,112.68,"110Y"
,66000,臺中市,66000220,大安區,4258,2356768,553,381,194,665,667.58,120.61,"110Y"
,66000,臺中市,66000230,烏日區,21190,14245375,672,439,212,835,909.42,135.28,"110Y"
,66000,臺中市,66000240,大肚區,15014,8683603,578,403,200,722,687.44,118.86,"110Y"
,66000,臺中市,66000250,龍井區,21338,13678498,641,424,206,802,973.38,151.84,"110Y"
,66000,臺中市,66000260,霧峰區,15791,9107572,577,382,184,707,762.96,132.28,"110Y"
,66000,臺中市,66000270,太平區,48382,29112557,602,403,194,752,725.96,120.65,"110Y"
,66000,臺中市,66000280,大里區,56173,35192378,626,409,194,774,999.13,159.48,"110Y"
,66000,臺中市,66000290,和平區,1636,873664,534,383,182,680,566.33,106.05,"110Y"
X,66000,臺中市,66000999,其他,0,22573,752,435,177,1071,906.63,120.49,"110Y"
,67000,臺南市,67000320,東區,53642,49258975,918,528,242,1096,1478.04,160.96,"110Y"
,67000,臺南市,67000330,南區,31666,20299708,641,414,202,770,843.51,131.58,"110Y"
,67000,臺南市,67000340,北區,36120,30690176,850,493,228,1012,1229,144.64,"110Y"
,67000,臺南市,67000350,安南區,48270,32112080,665,437,218,815,794.74,119.46,"110Y"
,67000,臺南市,67000360,安平區,19094,15798445,827,483,225,972,1314.73,158.9,"110Y"
,67000,臺南市,67000370,中西區,21603,19141210,886,485,213,1025,1501.37,169.45,"110Y"
,67000,臺南市,67000010,新營區,21601,15281890,707,478,234,913,815.08,115.21,"110Y"
,67000,臺南市,67000020,鹽水區,5563,3142702,565,412,218,696,616.73,109.17,"110Y"
,67000,臺南市,67000030,白河區,4877,2694517,552,398,187,692,657.91,119.08,"110Y"
,67000,臺南市,67000040,柳營區,4854,2861651,590,424,222,729,667.49,113.22,"110Y"
,67000,臺南市,67000050,後壁區,4724,2736381,579,425,219,741,600.5,103.67,"110Y"
,67000,臺南市,67000060,東山區,3387,1813197,535,382,202,658,632.94,118.23,"110Y"
,67000,臺南市,67000070,麻豆區,11050,7311191,662,440,225,820,796.08,120.32,"110Y"
,67000,臺南市,67000080,下營區,5066,2957234,584,415,220,747,632.82,108.41,"110Y"
,67000,臺南市,67000090,六甲區,5088,2977342,585,422,234,730,633.58,108.27,"110Y"
,67000,臺南市,67000100,官田區,5346,3128162,585,425,230,742,632.67,108.12,"110Y"
,67000,臺南市,67000110,大內區,1680,834436,497,366,189,636,524.58,105.62,"110Y"
,67000,臺南市,67000120,佳里區,14836,9538650,643,439,223,811,769.73,119.72,"110Y"
,67000,臺南市,67000140,西港區,5636,3320056,589,408,217,709,729.02,123.75,"110Y"
,67000,臺南市,67000150,七股區,3622,1924362,531,365,181,652,674.84,127.02,"110Y"
,67000,臺南市,67000160,將軍區,3316,1761347,531,379,199,643,798.29,150.29,"110Y"
,67000,臺南市,67000170,北門區,1692,918897,543,390,193,677,630.18,116.04,"110Y"
,67000,臺南市,67000130,學甲區,5866,3281138,559,396,208,701,642.95,114.95,"110Y"
,67000,臺南市,67000180,新化區,10427,6475219,621,407,207,756,752.86,121.23,"110Y"
,67000,臺南市,67000190,善化區,14489,14500146,1001,593,288,1238,1275.34,127.44,"110Y"
,67000,臺南市,67000200,新市區,10558,7828157,741,476,250,911,889.21,119.93,"110Y"
,67000,臺南市,67000210,安定區,7067,4508389,638,429,224,807,701.58,109.97,"110Y"
,67000,臺南市,67000220,山上區,1602,838291,523,376,202,660,571.67,109.25,"110Y"
,67000,臺南市,67000230,玉井區,2364,1349788,571,389,205,722,655.38,114.78,"110Y"
,67000,臺南市,67000240,楠西區,1343,698107,520,373,206,624,635.7,122.29,"110Y"
,67000,臺南市,67000250,南化區,1327,692971,522,371,201,672,520.15,99.61,"110Y"
,67000,臺南市,67000260,左鎮區,663,316783,478,338,166,597,504.93,105.68,"110Y"
,67000,臺南市,67000270,仁德區,20618,13838662,671,452,231,838,773.85,115.3,"110Y"
,67000,臺南市,67000280,歸仁區,17587,11294491,642,440,230,788,781.38,121.67,"110Y"
,67000,臺南市,67000290,關廟區,7909,4483862,567,394,207,684,710.97,125.41,"110Y"
,67000,臺南市,67000300,龍崎區,613,336576,549,375,203,643,741.75,135.09,"110Y"
,67000,臺南市,67000310,永康區,64234,47793237,744,475,236,908,1415.73,190.27,"110Y"
X,67000,臺南市,67000999,其他,12,17599,1467,796,253,2823,1576.02,107.46,"110Y"
,64000,高雄市,64000010,鹽埕區,6172,4141354,671,408,177,800,990.48,147.61,"110Y"
,64000,高雄市,64000020,鼓山區,40177,37286578,928,536,240,1109,1560.38,168.13,"110Y"
,64000,高雄市,64000030,左營區,56795,47265712,832,527,245,1033,1098.7,132.02,"110Y"
,64000,高雄市,64000040,楠梓區,54449,37861516,695,495,248,898,794.96,114.32,"110Y"
,64000,高雄市,64000050,三民區,94446,70414912,746,478,222,936,1106.28,148.38,"110Y"
,64000,高雄市,64000060,新興區,15109,13150434,870,497,213,1023,1521.76,174.84,"110Y"
,64000,高雄市,64000070,前金區,8519,7534320,884,493,217,1027,1377.3,155.73,"110Y"
,64000,高雄市,64000080,苓雅區,47928,38315916,799,477,216,965,1968.17,246.19,"110Y"
,64000,高雄市,64000090,前鎮區,49487,35472290,717,461,216,892,949.17,132.42,"110Y"
,64000,高雄市,64000100,旗津區,5292,2739420,518,370,184,649,579.86,112.02,"110Y"
,64000,高雄市,64000110,小港區,42363,27751130,655,462,226,860,728.81,111.26,"110Y"
,64000,高雄市,64000120,鳳山區,96582,64932711,672,461,218,864,790.16,117.53,"110Y"
,64000,高雄市,64000180,鳥松區,13354,12500665,936,518,234,1071,1460.24,155.99,"110Y"
,64000,高雄市,64000170,仁武區,26043,17972997,690,475,232,877,842.24,122.04,"110Y"
,64000,高雄市,64000160,大社區,8680,5188222,598,412,208,750,705.04,117.95,"110Y"
,64000,高雄市,64000150,大樹區,8901,4772717,536,392,207,672,577.87,107.77,"110Y"
,64000,高雄市,64000140,大寮區,26584,14765383,555,397,199,708,676.79,121.85,"110Y"
,64000,高雄市,64000130,林園區,16512,9575819,580,428,216,761,623.85,107.57,"110Y"
,64000,高雄市,64000190,岡山區,27001,17007884,630,429,218,778,765.84,121.58,"110Y"
,64000,高雄市,64000260,茄萣區,3370,1808682,537,376,194,686,561.26,104.58,"110Y"
,64000,高雄市,64000270,永安區,3370,1808682,537,376,194,686,561.26,104.58,"110Y"
,64000,高雄市,64000200,橋頭區,11302,7232240,640,434,218,809,766.76,119.82,"110Y"
,64000,高雄市,64000290,梓官區,8495,4637185,546,398,206,692,660.07,120.92,"110Y"
,64000,高雄市,64000220,田寮區,1153,587123,509,357,193,620,552.74,108.55,"110Y"
,64000,高雄市,64000230,阿蓮區,6397,3631389,568,378,200,681,730.91,128.76,"110Y"
,64000,高雄市,64000240,路竹區,13510,8450715,626,424,222,757,816.86,130.59,"110Y"
,64000,高雄市,64000210,燕巢區,6733,3770588,560,396,202,699,649.04,115.9,"110Y"
,64000,高雄市,64000280,彌陀區,4107,2114868,515,374,194,646,554.39,107.66,"110Y"
,64000,高雄市,64000250,湖內區,6765,3729966,551,399,205,698,605.25,109.77,"110Y"
,64000,高雄市,64000300,旗山區,6765,3729966,551,399,205,698,605.25,109.77,"110Y"
,64000,高雄市,64000320,六龜區,1460,723306,495,370,192,603,622.73,125.7,"110Y"
,64000,高雄市,64000350,內門區,1985,955430,481,363,177,601,566.73,117.74,"110Y"
,64000,高雄市,64000310,美濃區,7034,4045623,575,419,213,739,584.54,101.63,"110Y"
,64000,高雄市,64000340,杉林區,1475,706376,479,354,178,602,558.32,116.58,"110Y"
,64000,高雄市,64000330,甲仙區,774,369509,477,351,170,630,497.67,104.24,"110Y"
,64000,高雄市,64000360,茂林區,315,196146,623,477,270,776,873.98,140.36,"110Y"
,64000,高雄市,64000370,桃源區,563,300976,535,443,266,713,423.18,79.16,"110Y"
,64000,高雄市,64000380,那瑪夏區,397,230194,580,487,302,765,461.45,79.58,"110Y"
X,64000,高雄市,64000999,其他,23,23910,1040,440,152,1365,1461.04,140.54,"110Y"
,10002,宜蘭縣,10002010,宜蘭市,25573,17209530,673,450,219,861,792.09,117.7,"110Y"
,10002,宜蘭縣,10002040,頭城鎮,5817,3210685,552,373,182,676,698.81,126.61,"110Y"
,10002,宜蘭縣,10002050,礁溪鄉,8648,5153768,596,405,198,740,729.43,122.4,"110Y"
,10002,宜蘭縣,10002060,壯圍鄉,5664,3233395,571,403,203,707,652.64,114.32,"110Y"
,10002,宜蘭縣,10002070,員山鄉,7661,4475361,584,393,194,700,848.4,145.23,"110Y"
,10002,宜蘭縣,10002020,羅東鎮,18496,12071507,653,440,213,819,758.83,116.27,"110Y"
,10002,宜蘭縣,10002090,五結鄉,11100,6640825,598,414,205,750,665.56,111.25,"110Y"
,10002,宜蘭縣,10002080,冬山鄉,14162,8526791,602,414,208,748,769.92,127.87,"110Y"
,10002,宜蘭縣,10002030,蘇澳鎮,8873,4932754,556,402,209,685,929.34,167.17,"110Y"
,10002,宜蘭縣,10002100,三星鄉,4848,2875235,593,399,192,717,735.37,123.9,"110Y"
,10002,宜蘭縣,10002110,大同鄉,754,379074,503,389,212,644,557.18,110.83,"110Y"
,10002,宜蘭縣,10002120,南澳鄉,974,479083,492,409,227,637,623.63,126.79,"110Y"
X,10002,宜蘭縣,10002999,其他,4,2181,545,604,370,779,363.45,66.66,"110Y"
,10004,新竹縣,10004020,竹東鎮,28844,26787191,929,539,259,1123,1416.44,152.52,"110Y"
,10004,新竹縣,10004040,關西鎮,6915,4329111,626,424,222,773,769.54,122.92,"110Y"
,10004,新竹縣,10004030,新埔鎮,9793,7471501,763,471,242,893,1211.7,158.82,"110Y"
,10004,新竹縣,10004010,竹北市,65050,113598238,1746,962,386,2219,2778.79,159.12,"110Y"
,10004,新竹縣,10004050,湖口鄉,23955,15895022,664,465,249,834,732.24,110.35,"110Y"
,10004,新竹縣,10004080,橫山鄉,3090,1839118,595,412,209,750,670.66,112.68,"110Y"
,10004,新竹縣,10004060,新豐鄉,17122,12623204,737,493,259,915,887.63,120.4,"110Y"
,10004,新竹縣,10004070,芎林鄉,5851,5014422,857,491,248,998,1640.89,191.46,"110Y"
,10004,新竹縣,10004100,寶山鄉,4525,5565562,1230,549,255,1254,2669.07,217.01,"110Y"
,10004,新竹縣,10004090,北埔鄉,2200,1359382,618,417,210,773,712.64,115.33,"110Y"
,10004,新竹縣,10004110,峨眉鄉,1278,810130,634,435,221,762,759.66,119.84,"110Y"
,10004,新竹縣,10004120,尖石鄉,1127,568824,505,387,226,622,538.87,106.77,"110Y"
,10004,新竹縣,10004130,五峰鄉,564,266077,472,376,202,576,522.49,110.75,"110Y"
X,10004,新竹縣,10004999,其他,4,1070,268,271,195,344,184.87,69.1,"110Y"
,10005,苗栗縣,10005010,苗栗市,25522,17645097,691,474,234,911,946.85,136.95,"110Y"
,10005,苗栗縣,10005020,苑裡鎮,11318,6347250,561,379,192,688,684.31,122.02,"110Y"
,10005,苗栗縣,10005030,通霄鎮,7748,4173409,539,381,188,676,587.9,109.14,"110Y"
,10005,苗栗縣,10005090,公館鄉,8675,5256150,606,427,224,782,657.83,108.57,"110Y"
,10005,苗栗縣,10005100,銅鑼鄉,4425,2478616,560,419,217,717,597.47,106.66,"110Y"
,10005,苗栗縣,10005130,三義鄉,3893,2112695,543,392,209,690,584.22,107.65,"110Y"
,10005,苗栗縣,10005140,西湖鄉,1621,963161,594,417,224,756,619.26,104.22,"110Y"
,10005,苗栗縣,10005120,頭屋鄉,2658,1588931,598,437,228,762,779.74,130.44,"110Y"
,10005,苗栗縣,10005040,竹南鎮,26187,21567837,824,520,256,1017,1011.89,122.86,"110Y"
,10005,苗栗縣,10005050,頭份市,31379,24487041,780,501,253,953,968.81,124.15,"110Y"
,10005,苗栗縣,10005150,造橋鄉,3293,1865901,567,411,212,734,575.52,101.57,"110Y"
,10005,苗栗縣,10005060,後龍鎮,8257,4932869,597,410,213,740,672.74,112.61,"110Y"
,10005,苗栗縣,10005160,三灣鄉,1515,862076,569,387,194,719,643.45,113.08,"110Y"
,10005,苗栗縣,10005110,南庄鄉,1743,963490,553,373,190,645,752.45,136.12,"110Y"
,10005,苗栗縣,10005080,大湖鄉,2559,1389307,543,396,194,689,640.89,118.05,"110Y"
,10005,苗栗縣,10005070,卓蘭鎮,2958,1627079,550,385,193,702,610.96,111,"110Y"
,10005,苗栗縣,10005170,獅潭鄉,782,423270,541,388,213,702,520.56,96.17,"110Y"
,10005,苗栗縣,10005180,泰安鄉,784,415668,530,410,246,663,491.99,92.79,"110Y"
X,10005,苗栗縣,10005999,其他,4,3293,823,545,300,1068,878.54,106.71,"110Y"
,10007,彰化縣,10007010,彰化市,63971,44451608,695,435,201,858,1175.01,169.1,"110Y"
,10007,彰化縣,10007020,鹿港鎮,21625,13176245,609,383,188,721,902.93,148.19,"110Y"
,10007,彰化縣,10007030,和美鎮,24761,14798203,598,392,191,732,744.25,124.53,"110Y"
,10007,彰化縣,10007190,北斗鎮,7514,4608586,613,408,196,768,958.67,156.3,"110Y"
,10007,彰化縣,10007100,員林市,32088,21740028,678,438,211,834,942.73,139.15,"110Y"
,10007,彰化縣,10007110,溪湖鎮,12350,7240067,586,407,193,740,649.61,110.81,"110Y"
,10007,彰化縣,10007120,田中鎮,9126,5198771,570,407,206,711,656.81,115.3,"110Y"
,10007,彰化縣,10007200,二林鎮,9389,5479358,584,406,204,723,694.36,118.98,"110Y"
,10007,彰化縣,10007040,線西鄉,4099,2252926,550,377,184,680,705.63,128.38,"110Y"
,10007,彰化縣,10007050,伸港鄉,9466,5098938,539,373,183,673,616.82,114.51,"110Y"
,10007,彰化縣,10007060,福興鄉,11134,6246565,561,366,180,661,766.41,136.61,"110Y"
,10007,彰化縣,10007070,秀水鄉,10090,6060424,601,388,191,726,755.01,125.7,"110Y"
,10007,彰化縣,10007080,花壇鄉,11703,7002623,598,390,186,707,865.74,144.69,"110Y"
,10007,彰化縣,10007090,芬園鄉,5012,2639361,527,366,184,642,651.49,123.71,"110Y"
,10007,彰化縣,10007130,大村鄉,9541,5410934,567,393,195,686,880.51,155.26,"110Y"
,10007,彰化縣,10007140,埔鹽鄉,7082,3883872,548,365,177,673,656.92,119.79,"110Y"
,10007,彰化縣,10007150,埔心鄉,8210,4630520,564,385,182,692,823.31,145.97,"110Y"
,10007,彰化縣,10007160,永靖鄉,8020,4481276,559,378,185,676,704.6,126.1,"110Y"
,10007,彰化縣,10007170,社頭鄉,9590,5344375,557,391,190,697,835.22,149.87,"110Y"
,10007,彰化縣,10007180,二水鄉,3001,1636981,545,392,193,681,665.86,122.07,"110Y"
,10007,彰化縣,10007210,田尾鄉,5364,2979134,555,385,185,671,691.96,124.59,"110Y"
,10007,彰化縣,10007220,埤頭鄉,6100,3516536,576,388,190,707,682.38,118.37,"110Y"
,10007,彰化縣,10007230,芳苑鄉,4904,2535718,517,364,195,638,633.21,122.46,"110Y"
,10007,彰化縣,10007240,大城鄉,2305,1264348,549,382,198,672,674.3,122.93,"110Y"
,10007,彰化縣,10007250,竹塘鄉,5285,2927607,554,384,187,670,689.5,124.47,"110Y"
,10007,彰化縣,10007260,溪州鄉,5398,2886636,535,365,175,655,682.45,127.62,"110Y"
X,10007,彰化縣,10007999,其他,12,5844,487,277,186,719,478.34,98.22,"110Y"
,10008,南投縣,10008010,南投市,26284,16500902,628,422,207,780,764.19,121.73,"110Y"
,10008,南投縣,10008020,埔里鎮,15138,8268272,546,370,167,692,644.88,118.07,"110Y"
,10008,南投縣,10008030,草屯鎮,24312,15037615,619,416,205,772,723.04,116.9,"110Y"
,10008,南投縣,10008040,竹山鎮,10335,5748024,556,395,186,692,634.36,114.06,"110Y"
,10008,南投縣,10008050,集集鎮,2097,1216646,580,418,195,724,679.58,117.13,"110Y"
,10008,南投縣,10008060,名間鄉,7333,3822484,521,380,191,662,547.99,105.13,"110Y"
,10008,南投縣,10008070,鹿谷鄉,3048,1806285,593,408,209,710,745.34,125.77,"110Y"
,10008,南投縣,10008080,中寮鄉,2533,1262963,499,343,178,631,564,113.12,"110Y"
,10008,南投縣,10008090,魚池鄉,2537,1281148,505,342,159,605,632.82,125.32,"110Y"
,10008,南投縣,10008100,國姓鄉,2769,1372319,496,354,175,611,944.77,190.63,"110Y"
,10008,南投縣,10008110,水里鄉,3022,1634947,541,381,190,663,651.75,120.47,"110Y"
,10008,南投縣,10008120,信義鄉,1989,1036925,521,418,240,639,479.78,92.03,"110Y"
,10008,南投縣,10008130,仁愛鄉,1934,973281,503,396,204,624,506.5,100.65,"110Y"
X,10008,南投縣,10008999,其他,5,1502,300,204,72,222,364.14,121.22,"110Y"
,10009,雲林縣,10009010,斗六市,28377,19224005,677,450,229,844,834.13,123.13,"110Y"
,10009,雲林縣,10009020,斗南鎮,10288,6359784,618,425,212,785,802.26,129.78,"110Y"
,10009,雲林縣,10009030,虎尾鎮,16313,11592960,711,497,241,946,755.03,106.24,"110Y"
,10009,雲林縣,10009040,西螺鎮,8186,4968314,607,426,203,789,650.55,107.19,"110Y"
,10009,雲林縣,10009050,土庫鎮,5275,3260077,618,430,217,780,681.21,110.22,"110Y"
,10009,雲林縣,10009060,北港鎮,8268,5224635,632,442,210,808,737.69,116.74,"110Y"
,10009,雲林縣,10009070,古坑鄉,6102,3339004,547,381,194,696,626.59,114.51,"110Y"
,10009,雲林縣,10009080,大埤鄉,3519,1913821,544,376,199,688,648.84,119.3,"110Y"
,10009,雲林縣,10009090,莿桐鄉,5759,3196478,555,397,203,687,662.88,119.43,"110Y"
,10009,雲林縣,10009100,林內鄉,3664,1849084,505,370,195,629,543.82,107.76,"110Y"
,10009,雲林縣,10009110,二崙鄉,3916,2265448,579,417,200,750,607.1,104.94,"110Y"
,10009,雲林縣,10009120,崙背鄉,3877,2410327,622,444,223,797,685.64,110.29,"110Y"
,10009,雲林縣,10009130,麥寮鄉,9913,6701648,676,506,240,898,812.99,120.26,"110Y"
,10009,雲林縣,10009140,東勢鄉,2290,1349789,589,460,221,808,537.48,91.19,"110Y"
,10009,雲林縣,10009150,褒忠鄉,2216,1340163,605,428,220,769,684.6,113.2,"110Y"
,10009,雲林縣,10009160,臺西鄉,3853,2267554,589,457,219,785,569.8,96.82,"110Y"
,10009,雲林縣,10009170,元長鄉,3844,2215730,576,410,204,735,648.35,112.4,"110Y"
,10009,雲林縣,10009180,四湖鄉,3539,1993911,563,409,200,740,571.48,101.43,"110Y"
,10009,雲林縣,10009190,口湖鄉,3901,2170761,556,400,195,698,635.68,114.24,"110Y"
,10009,雲林縣,10009200,水林鄉,3580,2024936,566,406,196,712,626.4,110.75,"110Y"
X,10009,雲林縣,10009999,其他,10,5287,529,449,229,567,566.54,107.16,"110Y"
,10010,嘉義縣,10010020,朴子市,9056,6165794,681,469,227,867,803.46,118.01,"110Y"
,10010,嘉義縣,10010030,布袋鎮,4391,2450340,558,417,216,710,599.87,107.5,"110Y"
,10010,嘉義縣,10010040,大林鎮,6293,3895033,619,427,213,772,717.64,115.95,"110Y"
,10010,嘉義縣,10010050,民雄鄉,16596,10061314,606,423,204,777,661.41,109.1,"110Y"
,10010,嘉義縣,10010060,溪口鄉,2445,1306017,534,379,183,657,628.99,117.75,"110Y"
,10010,嘉義縣,10010070,新港鄉,5966,3659386,613,435,214,798,692.77,112.94,"110Y"
,10010,嘉義縣,10010080,六腳鄉,3810,2166260,569,419,194,716,632.1,111.17,"110Y"
,10010,嘉義縣,10010090,東石鄉,3181,1655027,520,375,182,663,602.75,115.85,"110Y"
,10010,嘉義縣,10010100,義竹鄉,3147,1816460,577,404,193,740,630.22,109.18,"110Y"
,10010,嘉義縣,10010110,鹿草鄉,2631,1467473,558,404,205,714,560.96,100.57,"110Y"
,10010,嘉義縣,10010010,太保市,8910,5992383,673,477,229,900,762.64,113.4,"110Y"
,10010,嘉義縣,10010120,水上鄉,10482,5880290,561,403,199,717,607.19,108.24,"110Y"
,10010,嘉義縣,10010130,中埔鄉,8177,4571583,559,399,198,709,632.35,113.11,"110Y"
,10010,嘉義縣,10010140,竹崎鄉,5764,3062464,531,379,194,658,594.79,111.95,"110Y"
,10010,嘉義縣,10010150,梅山鄉,2850,1606260,564,399,204,711,637.03,113.03,"110Y"
,10010,嘉義縣,10010160,番路鄉,1777,954543,537,387,182,674,625.07,116.36,"110Y"
,10010,嘉義縣,10010170,大埔鄉,730,397312,544,374,190,666,624.28,114.7,"110Y"
,10010,嘉義縣,10010180,阿里山鄉,630,324096,514,368,195,618,725.23,140.97,"110Y"
X,10010,嘉義縣,10010999,其他,3,1657,552,690,435,738,325.65,58.95,"110Y"
,10013,屏東縣,10013010,屏東市,49697,31717322,638,448,218,810,720.89,112.95,"110Y"
,10013,屏東縣,10013020,潮州鎮,12232,7366536,602,435,210,763,692.47,114.98,"110Y"
,10013,屏東縣,10013030,東港鎮,8985,5208684,580,413,205,727,675.98,116.61,"110Y"
,10013,屏東縣,10013040,恆春鎮,4954,2779313,561,370,176,672,1408.58,251.07,"110Y"
,10013,屏東縣,10013050,萬丹鄉,10130,6002201,593,423,216,743,647.89,109.35,"110Y"
,10013,屏東縣,10013060,長治鄉,6657,3963178,595,431,210,768,623.06,104.66,"110Y"
,10013,屏東縣,10013070,麟洛鄉,2655,1618527,610,435,218,768,658.92,108.09,"110Y"
,10013,屏東縣,10013080,九如鄉,4152,2279343,549,403,205,698,570.83,103.98,"110Y"
,10013,屏東縣,10013090,里港鄉,4812,2744833,570,419,205,718,656.49,115.09,"110Y"
,10013,屏東縣,10013100,鹽埔鄉,4172,2190332,525,397,202,665,516.78,98.43,"110Y"
,10013,屏東縣,10013110,高樹鄉,3254,1667532,512,370,187,631,624.06,121.78,"110Y"
,10013,屏東縣,10013120,萬巒鄉,3451,1901471,551,405,211,685,628.04,113.98,"110Y"
,10013,屏東縣,10013130,內埔鄉,10920,6013782,551,406,208,698,579.79,105.28,"110Y"
,10013,屏東縣,10013140,竹田鄉,3288,1815218,552,414,203,714,635.19,115.06,"110Y"
,10013,屏東縣,10013150,新埤鄉,1465,739189,505,380,182,662,534.26,105.88,"110Y"
,10013,屏東縣,10013160,枋寮鄉,3846,2022176,526,396,203,669,540.67,102.83,"110Y"
,10013,屏東縣,10013170,新園鄉,6502,3493785,537,399,207,682,559.13,104.06,"110Y"
,10013,屏東縣,10013180,崁頂鄉,2629,1381359,525,407,208,661,537.45,102.29,"110Y"
,10013,屏東縣,10013190,林邊鄉,3065,1683053,549,401,200,720,583.62,106.28,"110Y"
,10013,屏東縣,10013200,南州鄉,2015,1141455,566,429,215,728,663.78,117.18,"110Y"
,10013,屏東縣,10013210,佳冬鄉,3014,1533460,509,380,194,644,557,109.48,"110Y"
,10013,屏東縣,10013220,琉球鄉,1747,991197,567,400,183,725,594.89,104.85,"110Y"
,10013,屏東縣,10013230,車城鄉,1237,585974,474,345,177,590,501.81,105.93,"110Y"
,10013,屏東縣,10013240,滿州鄉,1095,524631,479,361,184,614,487.77,101.81,"110Y"
,10013,屏東縣,10013250,枋山鄉,617,321159,521,387,196,638,576.85,110.82,"110Y"
,10013,屏東縣,10013260,三地門鄉,1043,532594,511,416,237,625,546.35,106.99,"110Y"
,10013,屏東縣,10013270,霧臺鄉,576,289088,502,431,225,664,396.03,78.91,"110Y"
,10013,屏東縣,10013280,瑪家鄉,1062,563516,531,451,261,685,437.55,82.46,"110Y"
,10013,屏東縣,10013290,泰武鄉,724,379632,524,453,256,672,406.04,77.44,"110Y"
,10013,屏東縣,10013300,來義鄉,1088,557324,512,422,220,677,489.8,95.62,"110Y"
,10013,屏東縣,10013310,春日鄉,600,311280,519,449,268,687,431.55,83.18,"110Y"
,10013,屏東縣,10013320,獅子鄉,681,344104,505,428,230,678,408.04,80.75,"110Y"
,10013,屏東縣,10013330,牡丹鄉,791,419632,531,427,225,715,459.32,86.58,"110Y"
X,10013,屏東縣,10013999,其他,5,2628,526,267,88,326,782.99,148.98,"110Y"
,10014,臺東縣,10014010,臺東市,23832,14715263,617,437,214,805,663.73,107.49,"110Y"
,10014,臺東縣,10014020,成功鎮,1954,1027529,526,377,201,646,841.76,160.07,"110Y"
,10014,臺東縣,10014030,關山鎮,1522,837134,550,397,210,691,566.7,103.03,"110Y"
,10014,臺東縣,10014040,卑南鄉,2746,1420697,517,382,195,641,622.4,120.3,"110Y"
,10014,臺東縣,10014100,大武鄉,832,416607,501,389,210,638,492.38,98.33,"110Y"
,10014,臺東縣,10014090,太麻里鄉,1537,753738,490,387,199,609,478.18,97.51,"110Y"
,10014,臺東縣,10014070,東河鄉,1062,520877,490,360,161,608,697.76,142.26,"110Y"
,10014,臺東縣,10014080,長濱鄉,925,450256,487,357,182,594,727.88,149.54,"110Y"
,10014,臺東縣,10014050,鹿野鄉,1112,586787,528,385,185,662,611.46,115.88,"110Y"
,10014,臺東縣,10014060,池上鄉,1252,683916,546,373,191,685,595.82,109.07,"110Y"
,10014,臺東縣,10014110,綠島鄉,926,575961,622,462,208,813,655.68,105.42,"110Y"
,10014,臺東縣,10014130,延平鄉,613,306381,500,414,263,642,392.69,78.57,"110Y"
,10014,臺東縣,10014120,海端鄉,650,332762,512,443,256,658,394.87,77.13,"110Y"
,10014,臺東縣,10014150,達仁鄉,528,268254,508,438,247,651,379.62,74.72,"110Y"
,10014,臺東縣,10014140,金峰鄉,610,298466,489,403,229,639,410.6,83.92,"110Y"
,10014,臺東縣,10014160,蘭嶼鄉,825,447292,542,412,231,732,500.64,92.34,"110Y"
X,10014,臺東縣,10014999,其他,1,449,449,449,449,449,0,0,"110Y"
,10015,花蓮縣,10015010,花蓮市,26876,17613153,655,440,209,833,778.26,118.76,"110Y"
,10015,花蓮縣,10015070,光復鄉,2162,1060402,490,360,183,609,529.76,108.01,"110Y"
,10015,花蓮縣,10015030,玉里鎮,4223,2336746,553,382,186,695,665.94,120.35,"110Y"
,10015,花蓮縣,10015040,新城鄉,5038,2857824,567,430,216,743,602.03,106.13,"110Y"
,10015,花蓮縣,10015050,吉安鄉,22067,13382544,606,428,208,780,690.3,113.83,"110Y"
,10015,花蓮縣,10015060,壽豐鄉,3357,1798254,536,373,188,642,651.17,121.56,"110Y"
,10015,花蓮縣,10015020,鳳林鎮,2125,1066154,502,371,182,656,495.51,98.76,"110Y"
,10015,花蓮縣,10015080,豐濱鄉,629,260101,414,344,189,520,383.4,92.72,"110Y"
,10015,花蓮縣,10015090,瑞穗鄉,1796,908097,506,366,177,623,614.19,121.47,"110Y"
,10015,花蓮縣,10015100,富里鄉,1483,708760,478,349,172,591,570.71,119.41,"110Y"
,10015,花蓮縣,10015110,秀林鄉,3162,1485177,470,382,202,606,457.26,97.35,"110Y"
,10015,花蓮縣,10015120,萬榮鄉,1115,483329,433,358,208,548,372.93,86.03,"110Y"
,10015,花蓮縣,10015130,卓溪鄉,981,437212,446,390,224,575,363,81.45,"110Y"
X,10015,花蓮縣,10015999,其他,3,1102,367,321,293,419,132.31,36.03,"110Y"
,10016,澎湖縣,10016010,馬公市,17690,12657158,715,547,288,917,732.82,102.42,"110Y"
,10016,澎湖縣,10016020,湖西鄉,4013,2479757,618,501,274,760,586.66,94.94,"110Y"
,10016,澎湖縣,10016030,白沙鄉,2007,1195666,596,479,235,747,565.47,94.92,"110Y"
,10016,澎湖縣,10016040,西嶼鄉,1516,933017,615,483,230,803,573.12,93.12,"110Y"
,10016,澎湖縣,10016050,望安鄉,1198,737248,615,485,218,832,581.42,94.48,"110Y"
,10016,澎湖縣,10016060,七美鄉,792,536688,678,537,259,894,744.39,109.85,"110Y"
X,10016,澎湖縣,10016999,其他,1,1000,1000,1000,1000,1000,0,0,"110Y"
,10017,基隆市,10017010,中正區,13960,8275662,593,405,200,749,783.91,132.24,"110Y"
,10017,基隆市,10017020,七堵區,16171,9858040,610,405,206,758,743.33,121.93,"110Y"
,10017,基隆市,10017030,暖暖區,11811,7242547,613,414,209,763,743.59,121.26,"110Y"
,10017,基隆市,10017040,仁愛區,11192,7298564,652,435,211,829,745.4,114.3,"110Y"
,10017,基隆市,10017050,中山區,12621,7312540,579,403,208,727,652.12,112.55,"110Y"
,10017,基隆市,10017060,安樂區,25151,17224930,685,449,222,862,1053.8,153.87,"110Y"
,10017,基隆市,10017070,信義區,16415,10795459,658,437,214,831,824.58,125.3,"110Y"
X,10017,基隆市,10017999,其他,5,7987,1597,1289,1244,1715,995.85,62.35,"110Y"
,10018,新竹市,10018010,東區,68057,111977273,1645,816,328,2082,2910.81,176.91,"110Y"
,10018,新竹市,10018020,北區,45664,44481308,974,542,246,1141,1611.61,165.45,"110Y"
,10018,新竹市,10018030,香山區,23685,20448164,863,510,245,1039,1181.56,136.86,"110Y"
X,10018,新竹市,10018999,其他,2,20087,10043,10043,5698,14389,12291.15,122.38,"110Y"
,10020,嘉義市,10020010,東區,31960,23843313,746,480,221,935,959.82,128.66,"110Y"
,10020,嘉義市,10020020,西區,36135,24762405,685,454,212,873,846.07,123.47,"110Y"
X,10020,嘉義市,10020999,其他,1,502,502,502,502,502,0,0,"110Y"
,09020,金門縣,09020010,金城鎮,13259,10101376,762,542,264,980,856.22,112.39,"110Y"
,09020,金門縣,09020040,金寧鄉,10140,7223227,712,511,247,915,802.75,112.69,"110Y"
,09020,金門縣,09020030,金湖鎮,9771,7380216,755,555,280,925,908.62,120.3,"110Y"
,09020,金門縣,09020020,金沙鎮,6246,4470514,716,509,250,897,818,114.29,"110Y"
,09020,金門縣,09020050,烈嶼鄉,3923,2740090,698,510,256,848,872.26,124.88,"110Y"
,09020,金門縣,09020060,烏坵鄉,214,156987,734,594,280,978,637.53,86.91,"110Y"
X,09020,金門縣,09020999,其他,5,2145,429,395,334,525,245.56,57.24,"110Y"
,09007,連江縣,09007010,南竿鄉,2648,2192982,828,618,354,1035,1156.9,139.69,"110Y"
,09007,連江縣,09007020,北竿鄉,999,707809,709,543,329,849,708.73,100.03,"110Y"
,09007,連江縣,09007030,莒光鄉,531,415114,782,624,332,993,693.93,88.77,"110Y"
,09007,連江縣,09007040,東引鄉,615,464577,755,623,458,950,546.83,72.39,"110Y"
